{
  "auc_roc": 0.7849470436106978,
  "recall": 0.03162134944612286,
  "precision": 0.585820895522388,
  "f1_score": 0.06000382189948405,
  "n_features": 343,
  "n_samples_train": 246008,
  "n_samples_test": 61503,
  "optuna_trials": 11,
  "trained_at": "2025-12-12T01:01:03.624042",
  "best_params": {
    "num_leaves": 285,
    "max_depth": 15,
    "learning_rate": 0.004124662544192984,
    "n_estimators": 1872,
    "min_child_samples": 55,
    "subsample": 0.8451235367845725,
    "colsample_bytree": 0.5075721185513784,
    "reg_alpha": 0.004077450220493037,
    "reg_lambda": 0.0013643656722816377
  }
}